Life expectancy,GDP,Population,Country
0.39321723189734215,0.99,0.8799933965401862,China
0.9000916590284147,0.9753940773084044,0.15158764717631246,Germany
0.4,0.70839599286314374,1.0,India
1,0.8,0.6,Japan
